hidden_layers,hidden_nodes,learning_rate,batch_size,sequence_length,min,max,change,min_index,time,epochs
2,512,0.08162982806558386,10,75,7.897871494293213,26.022897720336914,0.6965029959703135,14,-0.6307940483093262,16
1,2048,0.09189295548265451,20,150,42.24544906616211,42.24544906616211,0.0,0,-3.4212304878234865,24
1,2048,0.08775791561372512,10,150,8.370528221130371,62.09638214111328,0.8652010321292399,17,-1.849343967437744,24
2,2048,0.08388377178216469,5,100,41.99663543701172,108.96194458007812,0.6145752023896047,34,-2.9372094064145475,36
1,128,0.10233208093124396,5,100,6.0283002853393555,6.0283002853393555,0.0,0,-0.23981855897342458,16
1,1024,0.0866709468951995,10,100,7.13346529006958,35.2770881652832,0.7977875822220002,8,-0.6545144109164968,16
2,1024,0.11399733043514178,5,200,8.936840057373047,62.316898345947266,0.8565904225887352,20,-0.8702559796246615,21
